{
  "images": [
    {
      "idiom": "iphone",
      "size": "20x20",
      "scale": "2x",
      "filename": "icon_20x20@2x.png"
    },
    {
      "idiom": "iphone",
      "size": "20x20",
      "scale": "3x",
      "filename": "icon_20x20@3x.png"
    },
    {
      "idiom": "iphone",
      "size": "29x29",
      "scale": "1x",
      "filename": "icon_29.png"
    },
    {
      "idiom": "iphone",
      "size": "29x29",
      "scale": "2x",
      "filename": "icon_29x29@2x.png"
    },
    {
      "idiom": "iphone",
      "size": "29x29",
      "scale": "3x",
      "filename": "icon_29x29@3x.png"
    },
    {
      "idiom": "iphone",
      "size": "40x40",
      "scale": "2x",
      "filename": "icon_40x40@2x.png"
    },
    {
      "idiom": "iphone",
      "size": "40x40",
      "scale": "3x",
      "filename": "icon_40x40@3x.png"
    },
    {
      "idiom": "iphone",
      "size": "60x60",
      "scale": "2x",
      "filename": "icon_60x60@2x.png"
    },
    {
      "idiom": "iphone",
      "size": "60x60",
      "scale": "3x",
      "filename": "icon_60x60@3x.png"
    },
    {
      "idiom": "iphone",
      "size": "76x76",
      "scale": "1x",
      "filename": "icon_76.png"
    },
    {
      "idiom": "iphone",
      "size": "76x76",
      "scale": "2x",
      "filename": "icon_76x76@2x.png"
    },
    {
      "idiom": "iphone",
      "size": "83.5x83.5",
      "scale": "2x",
      "filename": "icon_83.5x83.5@2x.png"
    },
    {
      "idiom": "iphone",
      "size": "1024x1024",
      "scale": "1x",
      "filename": "icon_1024.png"
    }
  ],
  "info": {
    "version": 1,
    "author": "xcode"
  }
}